filename,label
n0193011200001255.jpg,n01930112
n0193011200001256.jpg,n01930112
n0193011200001257.jpg,n01930112
n0193011200001259.jpg,n01930112
n0193011200001262.jpg,n01930112
n0193011200001265.jpg,n01930112
n0193011200001267.jpg,n01930112
n0193011200001268.jpg,n01930112
n0193011200001270.jpg,n01930112
n0193011200001271.jpg,n01930112
n0193011200001273.jpg,n01930112
n0193011200001274.jpg,n01930112
n0193011200001278.jpg,n01930112
n0193011200001282.jpg,n01930112
n0193011200001283.jpg,n01930112
n0193011200001285.jpg,n01930112
n0193011200001288.jpg,n01930112
n0193011200001292.jpg,n01930112
n0193011200001295.jpg,n01930112
n0193011200001300.jpg,n01930112
n0198127600001264.jpg,n01981276
n0198127600001268.jpg,n01981276
n0198127600001269.jpg,n01981276
n0198127600001270.jpg,n01981276
n0198127600001271.jpg,n01981276
n0198127600001272.jpg,n01981276
n0198127600001273.jpg,n01981276
n0198127600001274.jpg,n01981276
n0198127600001275.jpg,n01981276
n0198127600001278.jpg,n01981276
n0198127600001279.jpg,n01981276
n0198127600001285.jpg,n01981276
n0198127600001288.jpg,n01981276
n0198127600001289.jpg,n01981276
n0198127600001293.jpg,n01981276
n0198127600001294.jpg,n01981276
n0198127600001297.jpg,n01981276
n0198127600001298.jpg,n01981276
n0198127600001299.jpg,n01981276
n0198127600001300.jpg,n01981276
n0209960100001251.jpg,n02099601
n0209960100001254.jpg,n02099601
n0209960100001261.jpg,n02099601
n0209960100001262.jpg,n02099601
n0209960100001263.jpg,n02099601
n0209960100001265.jpg,n02099601
n0209960100001266.jpg,n02099601
n0209960100001267.jpg,n02099601
n0209960100001269.jpg,n02099601
n0209960100001281.jpg,n02099601
n0209960100001282.jpg,n02099601
n0209960100001283.jpg,n02099601
n0209960100001284.jpg,n02099601
n0209960100001287.jpg,n02099601
n0209960100001288.jpg,n02099601
n0209960100001290.jpg,n02099601
n0209960100001291.jpg,n02099601
n0209960100001292.jpg,n02099601
n0209960100001293.jpg,n02099601
n0209960100001297.jpg,n02099601
n0211006300001248.jpg,n02110063
n0211006300001254.jpg,n02110063
n0211006300001256.jpg,n02110063
n0211006300001258.jpg,n02110063
n0211006300001259.jpg,n02110063
n0211006300001260.jpg,n02110063
n0211006300001263.jpg,n02110063
n0211006300001266.jpg,n02110063
n0211006300001267.jpg,n02110063
n0211006300001268.jpg,n02110063
n0211006300001270.jpg,n02110063
n0211006300001274.jpg,n02110063
n0211006300001275.jpg,n02110063
n0211006300001277.jpg,n02110063
n0211006300001284.jpg,n02110063
n0211006300001285.jpg,n02110063
n0211006300001291.jpg,n02110063
n0211006300001293.jpg,n02110063
n0211006300001298.jpg,n02110063
n0211006300001299.jpg,n02110063
n0211034100001253.jpg,n02110341
n0211034100001257.jpg,n02110341
n0211034100001258.jpg,n02110341
n0211034100001260.jpg,n02110341
n0211034100001262.jpg,n02110341
n0211034100001263.jpg,n02110341
n0211034100001266.jpg,n02110341
n0211034100001267.jpg,n02110341
n0211034100001275.jpg,n02110341
n0211034100001277.jpg,n02110341
n0211034100001280.jpg,n02110341
n0211034100001282.jpg,n02110341
n0211034100001286.jpg,n02110341
n0211034100001287.jpg,n02110341
n0211034100001289.jpg,n02110341
n0211034100001291.jpg,n02110341
n0211034100001292.jpg,n02110341
n0211034100001293.jpg,n02110341
n0211034100001296.jpg,n02110341
n0211034100001300.jpg,n02110341
